{
  "_fv": 33,
  "_type": "achievement",
  "definition": {
    "achievementName": "You...are...the...DRAGONBORN",
    "achievementDescription": "Drink the Dragonborn wine",
    "achievementIcon": {
      "value": "CUSTOM:DragonbornWine"
    },
    "background": "Default",
    "disableDisplay": false,
    "showPopup": true,
    "announceToChat": true,
    "hideIfNotCompleted": true,
    "rewardLoot": [],
    "rewardRecipes": [],
    "rewardFunction": "No function",
    "rewardXP": 20,
    "achievementType": "challenge",
    "parent": {
      "value": "CUSTOM:Covermeinwine"
    },
    "triggerxml": "<xml xmlns=\"https://developers.google.com/blockly/xml\"><block type=\"item_consumed\" x=\"42\" y=\"43\"><value name=\"item\"><block type=\"mcitem_all\"><field name=\"value\">CUSTOM:DragonbornWine</field></block></value><next><block type=\"advancement_trigger\" deletable=\"false\"></block></next></block></xml>"
  }
}