{
  "_fv": 33,
  "_type": "achievement",
  "definition": {
    "achievementName": "It's pizza time!",
    "achievementDescription": "make your first pizza!",
    "achievementIcon": {
      "value": "CUSTOM:PizzaMargehrita"
    },
    "background": "Default",
    "disableDisplay": false,
    "showPopup": true,
    "announceToChat": true,
    "hideIfNotCompleted": false,
    "rewardLoot": [],
    "rewardRecipes": [],
    "rewardFunction": "No function",
    "rewardXP": 5,
    "achievementType": "task",
    "parent": {
      "value": "No parent: root"
    },
    "triggerxml": "<xml xmlns=\"https://developers.google.com/blockly/xml\"><block type=\"custom_trigger\" x=\"41\" y=\"56\"><next><block type=\"advancement_trigger\" deletable=\"false\"></block></next></block></xml>"
  }
}