{
  "_fv": 33,
  "_type": "tool",
  "definition": {
    "renderType": 1,
    "texture": "peel_pizza_2",
    "customModelName": "pizza_peel_2:default",
    "name": "Iron Pizza Peel",
    "specialInfo": [],
    "creativeTab": {
      "value": "CUSTOM:ItalianDelight"
    },
    "toolType": "Sword",
    "harvestLevel": 0,
    "efficiency": 6.0,
    "attackSpeed": 2.5,
    "enchantability": 14,
    "damageVsEntity": 3.5,
    "usageCount": 198,
    "blocksAffected": [],
    "hasGlow": false,
    "repairItems": [
      {
        "value": "Items.IRON_INGOT"
      }
    ],
    "immuneToFire": false,
    "stayInGridWhenCrafting": false,
    "damageOnCrafting": false
  }
}