{
  "_fv": 33,
  "_type": "gui",
  "definition": {
    "type": 1,
    "width": 176,
    "height": 166,
    "inventoryOffsetX": 0,
    "inventoryOffsetY": 0,
    "renderBgLayer": true,
    "doesPauseGame": false,
    "components": [
      {
        "type": "label",
        "data": {
          "text": "Inventory",
          "color": {
            "value": -12829636,
            "falpha": 0.0
          },
          "name": "Inventory",
          "x": 132,
          "y": 107
        }
      },
      {
        "type": "label",
        "data": {
          "text": "Wood Oven",
          "color": {
            "value": -12829636,
            "falpha": 0.0
          },
          "name": "Wood Oven",
          "x": 190,
          "y": 40
        }
      },
      {
        "type": "inputslot",
        "data": {
          "inputLimit": {
            "value": ""
          },
          "id": 0,
          "disableStackInteraction": false,
          "dropItemsWhenNotBound": true,
          "name": "Slot #0",
          "x": 174,
          "y": 51
        }
      },
      {
        "type": "inputslot",
        "data": {
          "inputLimit": {
            "value": ""
          },
          "id": 1,
          "disableStackInteraction": false,
          "dropItemsWhenNotBound": true,
          "name": "Slot #1",
          "x": 174,
          "y": 87
        }
      },
      {
        "type": "outputslot",
        "data": {
          "id": 2,
          "disableStackInteraction": false,
          "dropItemsWhenNotBound": true,
          "name": "Slot #2",
          "x": 241,
          "y": 69
        }
      },
      {
        "type": "image",
        "data": {
          "image": "furnace_gui.png",
          "use1Xscale": false,
          "name": "furnace_gui.png",
          "x": 175,
          "y": 70
        }
      },
      {
        "type": "image",
        "data": {
          "image": "furnace_gui3.png",
          "use1Xscale": false,
          "name": "furnace_gui3.png",
          "x": 204,
          "y": 62
        }
      },
      {
        "type": "image",
        "data": {
          "image": "gui_4.png",
          "use1Xscale": false,
          "name": "gui_4.png",
          "x": 175,
          "y": 70
        }
      }
    ],
    "gridSettings": {
      "sx": 18,
      "sy": 18,
      "ox": 11,
      "oy": 15,
      "snapOnGrid": false
    }
  }
}