{
  "_fv": 33,
  "_type": "tool",
  "definition": {
    "renderType": 1,
    "texture": "rolling_pin",
    "customModelName": "roliing_pin:default",
    "name": "Rolling Pin",
    "specialInfo": [],
    "creativeTab": {
      "value": "CUSTOM:ItalianDelight"
    },
    "toolType": "Sword",
    "harvestLevel": 1,
    "efficiency": 4.0,
    "attackSpeed": 1.5,
    "enchantability": 2,
    "damageVsEntity": 4.0,
    "usageCount": 85,
    "blocksAffected": [],
    "hasGlow": false,
    "repairItems": [],
    "immuneToFire": false,
    "stayInGridWhenCrafting": false,
    "damageOnCrafting": false
  }
}