{
  "credit": "Made with Blockbench",
  "elements": [
    {
      "from": [
        0,
        0,
        0
      ],
      "to": [
        16,
        3,
        16
      ],
      "faces": {
        "north": {
          "uv": [
            7,
            1.5,
            14,
            3
          ],
          "texture": "#0"
        },
        "east": {
          "uv": [
            7,
            1.5,
            14,
            3
          ],
          "texture": "#0"
        },
        "south": {
          "uv": [
            7,
            4.5,
            14,
            6
          ],
          "texture": "#0"
        },
        "west": {
          "uv": [
            7,
            0,
            14,
            1.5
          ],
          "texture": "#0"
        },
        "up": {
          "uv": [
            0,
            0,
            7,
            7
          ],
          "texture": "#0"
        },
        "down": {
          "uv": [
            0,
            7,
            7,
            14
          ],
          "texture": "#0"
        }
      }
    }
  ],
  "groups": [
    {
      "name": "group",
      "origin": [
        0,
        0,
        0
      ],
      "color": 0,
      "children": [
        0
      ]
    }
  ]
}