{
  "credit": "Made with Blockbench",
  "elements": [
    {
      "from": [
        0,
        0,
        0
      ],
      "to": [
        16,
        2,
        16
      ],
      "faces": {
        "north": {
          "uv": [
            7,
            3,
            14,
            4
          ],
          "texture": "#1"
        },
        "east": {
          "uv": [
            7,
            4.5,
            14,
            5.5
          ],
          "texture": "#1"
        },
        "south": {
          "uv": [
            7,
            1.5,
            14,
            2.5
          ],
          "texture": "#1"
        },
        "west": {
          "uv": [
            7,
            0,
            14,
            1
          ],
          "texture": "#1"
        },
        "up": {
          "uv": [
            0,
            0,
            7,
            7
          ],
          "texture": "#1"
        },
        "down": {
          "uv": [
            0,
            7,
            7,
            14
          ],
          "texture": "#1"
        }
      }
    }
  ]
}