{
  "display": {
    "icon": {
      "item": "italian_delight:wine_salami"
    },
    "title": {
      "translate": "advancements.covermeinwine.title"
    },
    "description": {
      "translate": "advancements.covermeinwine.descr"
    },
    "frame": "task",
    "show_toast": true,
    "announce_to_chat": true,
    "hidden": true
  },
  "criteria": {
    "covermeinwine": {
      "trigger": "minecraft:inventory_changed",
      "conditions": {
        "items": [
          {
            "items": [
              "italian_delight:wine_salami"
            ],
            "count": {
              "min": 1,
              "max": 1
            }
          }
        ]
      }
    }
  },
  "parent": "italian_delight:first_pizza"
}