{
  "display": {
    "background": "minecraft:textures/block/stone.png",
    "icon": {
      "item": "italian_delight:pizza_margehrita"
    },
    "title": {
      "translate": "advancements.first_pizza.title"
    },
    "description": {
      "translate": "advancements.first_pizza.descr"
    },
    "frame": "task",
    "show_toast": true,
    "announce_to_chat": true,
    "hidden": false
  },
  "criteria": {
    "first_pizza": {
      "trigger": "minecraft:impossible"
    }
  },
  "rewards": {
    "experience": 5
  }
}