{
  "type": "minecraft:crafting_shaped",
  "pattern": [
    " 1 ",
    "345",
    " 7 "
  ],
  "key": {
    "1": {
      "item": "italian_delight:salami_pieces"
    },
    "3": {
      "item": "brewinandchewin:flaxen_cheese_wedge"
    },
    "4": {
      "item": "farmersdelight:tomato"
    },
    "5": {
      "item": "brewinandchewin:flaxen_cheese_wedge"
    },
    "7": {
      "item": "farmersdelight:wheat_dough"
    }
  },
  "result": {
    "item": "italian_delight:raw_diavola",
    "count": 1
  }
}