{
	"credit": "Made with Blockbench",
	"texture_size": [32, 32],
	"textures": {
		"0": "Pizza Margherita texture",
		"particle": "Pizza Margherita texture"
	},
	"elements": [
		{
			"from": [1, 0, 1],
			"to": [15, 3, 15],
			"faces": {
				"north": {"uv": [7, 0, 14, 1.5], "texture": "#0"},
				"east": {"uv": [7, 1.5, 14, 3], "texture": "#0"},
				"south": {"uv": [7, 3, 14, 4.5], "texture": "#0"},
				"west": {"uv": [7, 4.5, 14, 6], "texture": "#0"},
				"up": {"uv": [7, 7, 0, 0], "texture": "#0"},
				"down": {"uv": [7, 7, 0, 14], "texture": "#0"}
			}
		}
	]
}