{
	"credit": "Made with Blockbench",
	"texture_size": [64, 64],
	"textures": {
		"0": "Peel pizza 2",
		"particle": "Peel pizza 2"
	},
	"elements": [
		{
			"from": [7, -10, 8],
			"to": [9, 18, 10],
			"faces": {
				"north": {"uv": [4, 0, 4.5, 7], "texture": "#0"},
				"east": {"uv": [4.5, 0, 5, 7], "texture": "#0"},
				"south": {"uv": [5, 0, 5.5, 7], "texture": "#0"},
				"west": {"uv": [5.5, 0, 6, 7], "texture": "#0"},
				"up": {"uv": [7.5, 5.75, 7, 5.25], "texture": "#0"},
				"down": {"uv": [7.5, 5.75, 7, 6.25], "texture": "#0"}
			}
		},
		{
			"from": [6, 12, 7],
			"to": [10, 13, 11],
			"faces": {
				"north": {"uv": [7, 6.25, 8, 6.5], "texture": "#0"},
				"east": {"uv": [7, 6.5, 8, 6.75], "texture": "#0"},
				"south": {"uv": [7, 6.75, 8, 7], "texture": "#0"},
				"west": {"uv": [7.25, 1, 8.25, 1.25], "texture": "#0"},
				"up": {"uv": [7, 1, 6, 0], "texture": "#0"},
				"down": {"uv": [7, 1, 6, 2], "texture": "#0"}
			}
		},
		{
			"from": [6, 6, 7],
			"to": [10, 7, 11],
			"faces": {
				"north": {"uv": [7.25, 1.25, 8.25, 1.5], "texture": "#0"},
				"east": {"uv": [7.25, 1.5, 8.25, 1.75], "texture": "#0"},
				"south": {"uv": [7.25, 1.75, 8.25, 2], "texture": "#0"},
				"west": {"uv": [7.25, 2, 8.25, 2.25], "texture": "#0"},
				"up": {"uv": [7, 3, 6, 2], "texture": "#0"},
				"down": {"uv": [7, 3, 6, 4], "texture": "#0"}
			}
		},
		{
			"from": [6, -9, 7],
			"to": [10, -8, 11],
			"faces": {
				"north": {"uv": [7.25, 2.25, 8.25, 2.5], "texture": "#0"},
				"east": {"uv": [7.25, 2.5, 8.25, 2.75], "texture": "#0"},
				"south": {"uv": [7.25, 2.75, 8.25, 3], "texture": "#0"},
				"west": {"uv": [7.25, 3, 8.25, 3.25], "texture": "#0"},
				"up": {"uv": [7, 5, 6, 4], "texture": "#0"},
				"down": {"uv": [7, 5, 6, 6], "texture": "#0"}
			}
		},
		{
			"from": [6, -3, 7],
			"to": [10, -2, 11],
			"faces": {
				"north": {"uv": [7.25, 3.25, 8.25, 3.5], "texture": "#0"},
				"east": {"uv": [7.25, 3.5, 8.25, 3.75], "texture": "#0"},
				"south": {"uv": [7.25, 3.75, 8.25, 4], "texture": "#0"},
				"west": {"uv": [7.25, 4, 8.25, 4.25], "texture": "#0"},
				"up": {"uv": [7, 7, 6, 6], "texture": "#0"},
				"down": {"uv": [8, 0, 7, 1], "texture": "#0"}
			}
		},
		{
			"from": [0, 16, 9],
			"to": [16, 32, 10],
			"faces": {
				"north": {"uv": [0, 0, 4, 4], "texture": "#0"},
				"east": {"uv": [7, 1, 7.25, 5], "texture": "#0"},
				"south": {"uv": [0, 4, 4, 8], "texture": "#0"},
				"west": {"uv": [4, 7, 4.25, 11], "texture": "#0"},
				"up": {"uv": [8.25, 7.25, 4.25, 7], "texture": "#0"},
				"down": {"uv": [11, 5, 7, 5.25], "texture": "#0"}
			}
		}
	],
	"display": {
		"thirdperson_righthand": {
			"rotation": [0, 90, 0],
			"translation": [-1, 3.75, 2]
		},
		"thirdperson_lefthand": {
			"rotation": [0, 90, 0],
			"translation": [-1, 3.75, 2]
		},
		"firstperson_righthand": {
			"rotation": [0, 94, 0],
			"translation": [0, 3.5, 0]
		},
		"firstperson_lefthand": {
			"rotation": [0, 94, 0],
			"translation": [0, 3.5, 0]
		},
		"ground": {
			"rotation": [90, 0, 0]
		},
		"gui": {
			"rotation": [0, 0, -45],
			"translation": [-1.25, -0.75, 0],
			"scale": [0.51, 0.51, 0.51]
		},
		"fixed": {
			"translation": [0, 0, -2.25],
			"scale": [0.51, 0.51, 0.51]
		}
	},
	"groups": [
		{
			"name": "group",
			"origin": [0, 0, 0],
			"color": 0,
			"children": [0, 1, 2, 3, 4, 5]
		}
	]
}