{
	"credit": "Made with Blockbench",
	"texture_size": [32, 32],
	"textures": {
		"1": "italian delight/Pizza Margherita NEW BLOCK",
		"particle": "Pizza Margherita texture"
	},
	"elements": [
		{
			"from": [0, 0, 0],
			"to": [16, 2, 16],
			"faces": {
				"north": {"uv": [7, 0, 14, 1], "texture": "#1"},
				"east": {"uv": [7, 1.5, 14, 2.5], "texture": "#1"},
				"south": {"uv": [7, 5, 14, 6], "texture": "#1"},
				"west": {"uv": [7, 5, 14, 6], "texture": "#1"},
				"up": {"uv": [7, 7, 0, 0], "texture": "#1"},
				"down": {"uv": [7, 7, 0, 14], "texture": "#1"}
			}
		}
	]
}