{
	"credit": "Made with Blockbench",
	"texture_size": [64, 64],
	"textures": {
		"0": "pizza peel",
		"particle": "pizza peel"
	},
	"elements": [
		{
			"from": [7, -9, 7],
			"to": [9, 19, 9],
			"faces": {
				"north": {"uv": [4, 0, 4.5, 7], "texture": "#0"},
				"east": {"uv": [4.5, 0, 5, 7], "texture": "#0"},
				"south": {"uv": [5, 0, 5.5, 7], "texture": "#0"},
				"west": {"uv": [5.5, 0, 6, 7], "texture": "#0"},
				"up": {"uv": [6.75, 1, 6.25, 0.5], "texture": "#0"},
				"down": {"uv": [6.75, 1, 6.25, 1.5], "texture": "#0"}
			}
		},
		{
			"from": [0, 19, 8],
			"to": [16, 32, 9],
			"faces": {
				"north": {"uv": [0, 0, 4, 3.25], "texture": "#0"},
				"east": {"uv": [6, 0.5, 6.25, 3.75], "texture": "#0"},
				"south": {"uv": [0, 3.25, 4, 6.5], "texture": "#0"},
				"west": {"uv": [6, 3.75, 6.25, 7], "texture": "#0"},
				"up": {"uv": [10, 0.25, 6, 0], "texture": "#0"},
				"down": {"uv": [10, 0.25, 6, 0.5], "texture": "#0"}
			}
		}
	],
	"display": {
		"thirdperson_righthand": {
			"rotation": [8, 90, 0],
			"translation": [0, 3.25, 2.25]
		},
		"thirdperson_lefthand": {
			"rotation": [6, 90, 0],
			"translation": [0, 0, 2]
		},
		"firstperson_righthand": {
			"rotation": [0, 90, 0],
			"translation": [0, -4, 0]
		},
		"firstperson_lefthand": {
			"rotation": [0, 90, 0],
			"translation": [0, -4, 0]
		},
		"ground": {
			"translation": [0, 13.5, 0]
		},
		"gui": {
			"rotation": [0, 0, -43],
			"translation": [-1.75, -1, 0],
			"scale": [0.51, 0.51, 0.51]
		},
		"fixed": {
			"translation": [0, 0, -1.5],
			"scale": [0.51, 0.51, 0.51]
		}
	}
}