{
	"credit": "Made with Blockbench",
	"texture_size": [32, 32],
	"textures": {
		"2": "italian delight/Pizza Margherita NEW BLOCK"
	},
	"elements": [
		{
			"from": [0, 0, 0],
			"to": [16, 2, 16],
			"faces": {
				"north": {"uv": [7, 0, 13.5, 1], "texture": "#2"},
				"east": {"uv": [7, 1.5, 13.5, 2.5], "texture": "#2"},
				"south": {"uv": [7, 5, 13.5, 6], "texture": "#2"},
				"west": {"uv": [7, 5, 13.5, 6], "texture": "#2"},
				"up": {"uv": [7, 7, 0, 0], "texture": "#2"},
				"down": {"uv": [7, 7, 0, 14], "texture": "#2"}
			}
		}
	]
}