{
	"credit": "Made with Blockbench",
	"textures": {
		"1": "Pizza Margherita CULO",
		"2": "Pizza Margherita SIDE",
		"3": "Pizza Diavola TOP",
		"particle": "Pizza Diavola TOP"
	},
	"elements": [
		{
			"from": [0, 0, 0],
			"to": [16, 3, 16],
			"faces": {
				"north": {"uv": [0, 0, 16, 16], "texture": "#2"},
				"east": {"uv": [0, 0, 16, 16], "texture": "#2"},
				"south": {"uv": [0, 0, 16, 16], "texture": "#2"},
				"west": {"uv": [0, 0, 16, 16], "texture": "#2"},
				"up": {"uv": [0, 0, 16, 16], "texture": "#3"},
				"down": {"uv": [0, 0, 16, 16], "texture": "#1"}
			}
		}
	]
}