{
	"credit": "Made with Blockbench",
	"textures": {
		"0": "italian delight/Pizza Margherita texture",
		"particle": "italian delight/Pizza Margherita texture"
	},
	"elements": [
		{
			"from": [8, 0, 8],
			"to": [15, 3, 15],
			"faces": {
				"north": {"uv": [7, 6, 10.5, 7.5], "texture": "#0"},
				"east": {"uv": [7, 1.5, 10.5, 3], "texture": "#0"},
				"south": {"uv": [10.5, 3, 14, 4.5], "texture": "#0"},
				"west": {"uv": [10.5, 6, 14, 7.5], "texture": "#0"},
				"up": {"uv": [3.5, 3.5, 0, 0], "texture": "#0"},
				"down": {"uv": [3.5, 7, 0, 10.5], "texture": "#0"}
			}
		},
		{
			"from": [1, 0, 8],
			"to": [8, 3, 15],
			"faces": {
				"north": {"uv": [10.5, 6, 14, 7.5], "texture": "#0"},
				"east": {"uv": [7, 6, 10.5, 7.5], "texture": "#0"},
				"south": {"uv": [7, 4.5, 10.5, 6], "texture": "#0"},
				"west": {"uv": [10.5, 4.5, 14, 6], "texture": "#0"},
				"up": {"uv": [0, 3.5, 3.5, 7], "texture": "#0"},
				"down": {"uv": [3.5, 7, 7, 10.5], "texture": "#0"}
			}
		},
		{
			"from": [1, 0, 1],
			"to": [8, 3, 8],
			"faces": {
				"north": {"uv": [10.5, 4.5, 14, 6], "texture": "#0"},
				"east": {"uv": [10.5, 6, 14, 7.5], "texture": "#0"},
				"south": {"uv": [7, 6, 11, 7.5], "texture": "#0"},
				"west": {"uv": [7, 4.5, 10.5, 6], "texture": "#0"},
				"up": {"uv": [0, 0, 3.5, 3.5], "texture": "#0"},
				"down": {"uv": [3.5, 10.5, 7, 14], "texture": "#0"}
			}
		}
	],
	"display": {}
}