{
	"credit": "Made with Blockbench",
	"texture_size": [32, 32],
	"textures": {
		"0": "rolling pin",
		"particle": "rolling pin"
	},
	"elements": [
		{
			"from": [7, 0, 7],
			"to": [9, 3, 9],
			"faces": {
				"north": {"uv": [6, 5, 7, 6.5], "texture": "#0"},
				"east": {"uv": [6, 6.5, 7, 8], "texture": "#0"},
				"south": {"uv": [7, 2, 8, 3.5], "texture": "#0"},
				"west": {"uv": [7, 3.5, 8, 5], "texture": "#0"},
				"up": {"uv": [8, 8, 7, 7], "texture": "#0"},
				"down": {"uv": [5, 7.5, 4, 8.5], "texture": "#0"}
			}
		},
		{
			"from": [7, 15, 7],
			"to": [9, 18, 9],
			"faces": {
				"north": {"uv": [6, 2, 7, 3.5], "texture": "#0"},
				"east": {"uv": [6, 3.5, 7, 5], "texture": "#0"},
				"south": {"uv": [4, 6, 5, 7.5], "texture": "#0"},
				"west": {"uv": [5, 6, 6, 7.5], "texture": "#0"},
				"up": {"uv": [8, 6, 7, 5], "texture": "#0"},
				"down": {"uv": [8, 6, 7, 7], "texture": "#0"}
			}
		},
		{
			"from": [6, 3, 6],
			"to": [10, 15, 10],
			"faces": {
				"north": {"uv": [0, 0, 2, 6], "texture": "#0"},
				"east": {"uv": [2, 0, 4, 6], "texture": "#0"},
				"south": {"uv": [4, 0, 6, 6], "texture": "#0"},
				"west": {"uv": [0, 6, 2, 12], "texture": "#0"},
				"up": {"uv": [8, 2, 6, 0], "texture": "#0"},
				"down": {"uv": [4, 6, 2, 8], "texture": "#0"}
			}
		}
	],
	"display": {
		"thirdperson_righthand": {
			"translation": [0, 6, 1.75]
		},
		"thirdperson_lefthand": {
			"translation": [0, 6, 1.5]
		},
		"firstperson_righthand": {
			"translation": [0, 3, 0]
		},
		"firstperson_lefthand": {
			"translation": [0, 3, 0]
		},
		"ground": {
			"rotation": [0, 0, 90],
			"translation": [0, -1.75, 0]
		},
		"gui": {
			"rotation": [0, 0, 43],
			"translation": [0.75, -0.5, 0]
		}
	}
}