{
	"credit": "Made with Blockbench",
	"texture_size": [32, 32],
	"textures": {
		"0": "bottle weapon",
		"particle": "bottle weapon"
	},
	"elements": [
		{
			"from": [7, 0, 7],
			"to": [9, 6, 9],
			"faces": {
				"north": {"uv": [6, 0, 7, 3], "texture": "#0"},
				"east": {"uv": [6, 3, 7, 6], "texture": "#0"},
				"south": {"uv": [6, 6, 7, 9], "texture": "#0"},
				"west": {"uv": [0, 7, 1, 10], "texture": "#0"},
				"up": {"uv": [8, 8, 7, 7], "texture": "#0"},
				"down": {"uv": [8.5, 0, 7.5, 1], "texture": "#0"}
			}
		},
		{
			"from": [9, 6, 6],
			"to": [10, 13, 10],
			"faces": {
				"north": {"uv": [7, 0, 7.5, 3.5], "texture": "#0"},
				"east": {"uv": [4, 0, 5, 3.5], "texture": "#0"},
				"south": {"uv": [1, 7, 1.5, 10.5], "texture": "#0"},
				"west": {"uv": [4, 3.5, 5, 7], "texture": "#0"},
				"up": {"uv": [8.5, 7.5, 8, 6.5], "texture": "#0"},
				"down": {"uv": [7.5, 8, 7, 9], "texture": "#0"}
			}
		},
		{
			"from": [6, 6, 6],
			"to": [10, 13, 7],
			"faces": {
				"north": {"uv": [0, 0, 2, 3.5], "texture": "#0"},
				"east": {"uv": [1.5, 7, 2, 10.5], "texture": "#0"},
				"south": {"uv": [2, 0, 4, 3.5], "texture": "#0"},
				"west": {"uv": [2, 7, 2.5, 10.5], "texture": "#0"},
				"up": {"uv": [9.5, 1.5, 7.5, 1], "texture": "#0"},
				"down": {"uv": [9.5, 1.5, 7.5, 2], "texture": "#0"}
			}
		},
		{
			"from": [6, 6, 9],
			"to": [10, 13, 10],
			"faces": {
				"north": {"uv": [0, 3.5, 2, 7], "texture": "#0"},
				"east": {"uv": [2.5, 7, 3, 10.5], "texture": "#0"},
				"south": {"uv": [2, 3.5, 4, 7], "texture": "#0"},
				"west": {"uv": [3, 7, 3.5, 10.5], "texture": "#0"},
				"up": {"uv": [9.5, 2.5, 7.5, 2], "texture": "#0"},
				"down": {"uv": [9.5, 2.5, 7.5, 3], "texture": "#0"}
			}
		},
		{
			"from": [6, 6, 6],
			"to": [7, 13, 10],
			"faces": {
				"north": {"uv": [3.5, 7, 4, 10.5], "texture": "#0"},
				"east": {"uv": [5, 0, 6, 3.5], "texture": "#0"},
				"south": {"uv": [7, 3.5, 7.5, 7], "texture": "#0"},
				"west": {"uv": [5, 3.5, 6, 7], "texture": "#0"},
				"up": {"uv": [8, 9, 7.5, 8], "texture": "#0"},
				"down": {"uv": [8.5, 7.5, 8, 8.5], "texture": "#0"}
			}
		},
		{
			"from": [6, 13, 8],
			"to": [7, 14, 9],
			"faces": {
				"north": {"uv": [7.5, 6.5, 8, 7], "texture": "#0"},
				"east": {"uv": [8.5, 5, 9, 5.5], "texture": "#0"},
				"south": {"uv": [8.5, 5.5, 9, 6], "texture": "#0"},
				"west": {"uv": [8.5, 6, 9, 6.5], "texture": "#0"},
				"up": {"uv": [9, 7, 8.5, 6.5], "texture": "#0"},
				"down": {"uv": [9, 7, 8.5, 7.5], "texture": "#0"}
			}
		},
		{
			"from": [9, 13, 8],
			"to": [10, 14, 9],
			"faces": {
				"north": {"uv": [8.5, 7.5, 9, 8], "texture": "#0"},
				"east": {"uv": [8, 8.5, 8.5, 9], "texture": "#0"},
				"south": {"uv": [8.5, 8, 9, 8.5], "texture": "#0"},
				"west": {"uv": [8.5, 8.5, 9, 9], "texture": "#0"},
				"up": {"uv": [9.5, 0.5, 9, 0], "texture": "#0"},
				"down": {"uv": [9.5, 0.5, 9, 1], "texture": "#0"}
			}
		},
		{
			"from": [8, 13, 9],
			"to": [10, 15, 10],
			"faces": {
				"north": {"uv": [7.5, 3, 8.5, 4], "texture": "#0"},
				"east": {"uv": [8.5, 0, 9, 1], "texture": "#0"},
				"south": {"uv": [7.5, 4, 8.5, 5], "texture": "#0"},
				"west": {"uv": [8.5, 3, 9, 4], "texture": "#0"},
				"up": {"uv": [5, 9, 4, 8.5], "texture": "#0"},
				"down": {"uv": [9.5, 4, 8.5, 4.5], "texture": "#0"}
			}
		},
		{
			"from": [8, 13, 6],
			"to": [10, 16, 7],
			"faces": {
				"north": {"uv": [4, 7, 5, 8.5], "texture": "#0"},
				"east": {"uv": [7.5, 5, 8, 6.5], "texture": "#0"},
				"south": {"uv": [5, 7, 6, 8.5], "texture": "#0"},
				"west": {"uv": [8, 5, 8.5, 6.5], "texture": "#0"},
				"up": {"uv": [9.5, 5, 8.5, 4.5], "texture": "#0"},
				"down": {"uv": [6, 8.5, 5, 9], "texture": "#0"}
			}
		}
	],
	"display": {
		"thirdperson_righthand": {
			"rotation": [175, 86, -175],
			"translation": [0, 3.25, 1.75]
		},
		"thirdperson_lefthand": {
			"rotation": [0, 88, 0],
			"translation": [0, 3.5, 2]
		},
		"firstperson_righthand": {
			"rotation": [0, 90, 0],
			"translation": [0, 4.75, 0]
		},
		"firstperson_lefthand": {
			"rotation": [0, 90, 0],
			"translation": [0, 4.75, 0]
		},
		"ground": {
			"rotation": [91, 0, 0],
			"translation": [0, -1, 0]
		},
		"gui": {
			"rotation": [-10, 155, 41]
		},
		"fixed": {
			"rotation": [0, 0, 40],
			"translation": [0, 0, -1]
		}
	},
	"groups": [
		{
			"name": "group",
			"origin": [0, 0, 0],
			"color": 0,
			"children": [0, 1, 2, 3, 4, 5, 6, 7, 8]
		}
	]
}